lat,lon,alt
0.6151521075303651,0.6650643187635961,0.4758646262439292
0.5860049867842205,0.6588634429139723,0.47600336879279936
0.5566981273760777,0.6527753373560483,0.4795995174548118
0.5272885576117986,0.6467607293056038,0.48679157804634343
0.4978312701431439,0.6407814788481756,0.4976384894850483
0.4683802750196141,0.6347999974088221,0.5121176553425322
0.43898962034081523,0.6287786692942564,0.5301245833929151
0.40971441456436203,0.6226792734987496,0.5514741428740066
0.38061188449193417,0.6164624031019317,0.5759034148735189
0.3517425032138499,0.6100868817738452,0.6030760776925419
0.3231712225550777,0.6035091815555396,0.6325882371865603
0.29496884422066494,0.5966828540559499,0.6639755827929754
0.267213561795721,0.5895579998648824,0.6967217239784596
0.23999270017110869,0.5820808202660446,0.7302675397614244
0.21340466690065868,0.574193323752971,0.7640213562440117
0.18756110698116218,0.5658333002366389,0.7973697539187512
0.16258921203876098,0.556934730518465,0.8296887980356402
0.13863406825670105,0.5474288675543447,0.8603554813761498
0.11586082439710099,0.5372463030182418,0.88875916919838
0.09445631332682997,0.5263203988169792,0.9143128405022622
0.07462956736954912,0.5145924778845848,0.9364639277419613
0.05661045126227421,0.5020190610960615,0.9547045681437609
0.04064545943637643,0.4885811093147049,0.9685810934426264
0.026989709156220565,0.47429458943295466,0.977702600591499
0.015894484198319347,0.4592207321722821,0.9817484634105007
0.007590510482748503,0.44347331601468665,0.9804746638304707
0.002268480576412435,0.42721974084438746,0.9737188409937971
5.9854720017904484e-05,0.41067326314503294,0.9614039767755571
0.0010219485552227514,0.3940759350664199,0.9435406570744185
0.005131011486905035,0.3776749614351526,0.9202278693375909
0.012285170684938174,0.3616978210938723,0.8916523181935823
0.022316427295277497,0.3463320230539775,0.8580862626521508
0.035008583073022015,0.3317134495072306,0.8198839000798799
0.0501170268315021,0.31792406694934455,0.7774763440135217
0.06738684144971802,0.3049970763379125,0.7313652647130979
0.0865670856860834,0.29292633422508885,0.6821152830674606
0.10742057474577488,0.28167705105757257,0.6303452298476557
0.12972953253055503,0.27119570078145905,0.5767184030350911
0.15329800212955252,0.2614181053816087,0.5219319757296397
0.17795200131898142,0.252275434271998,0.46670572548902456
0.20353828085773845,0.24369830473331544,0.41177027238238395
0.22992233266441015,0.23561935386353317,0.3578550269906202
0.25698608812221724,0.22797467710592917,0.3056760604990849
0.2846255797274248,0.22070447672412974,0.25592411629694567
0.3127487188432946,0.2137531877283541,0.2092529856281118
0.3412732621104022,0.2070692752521226,0.16626846834907738
0.37012498904439456,0.2006048366504926,0.12751813341652607
0.3992360840761256,0.1943150955994168,0.09348208215912734
0.42854370035100725,0.18815784253612078,0.0645649006856317
0.4579886747595287,0.18209285311656515,0.041088966111004765
0.48751436039611606,0.17608130129407068,0.02328924507452612
0.5170655417239042,0.1700851739589786,0.011309692822635498
0.5465873977824134,0.1640666882413197,0.005201327774901898
0.5760244790392973,0.15798770952000968,0.004922020844251307
0.6053196635623255,0.1518091673292436,0.01033800194676715
0.6344130579635567,0.14549046754537487,0.021227049150400745
0.6632408081989661,0.13898890271328623,0.0372832899514961
0.6917337852391301,0.13225906879402638,0.058123510203994755
0.7198161117434803,0.12525230713133234,0.0832948353303351
0.7474034996529634,0.11791620676526471,0.11228362131357983
0.774401377534998,0.11019422668021261,0.14452537036099145
0.8007028043750676,0.10202553298039696,0.17941546840100386
0.8261861990300863,0.09334519511023848,0.2163205290300354
0.8507129696514781,0.08408494946348721,0.25459012115937085
0.8741252150014618,0.07417481508979956,0.29356865533272014
0.8962437997985385,0.06354592204829662,0.3326072061255765
0.9168672842470604,0.05213495752725911,0.37107505487375647
0.9357724031659709,0.03989058971201631,0.40837074758248804
0.9527169989368771,0.02678200419612503,0.4439324767885928
0.9674464167495289,0.012809178228186724,0.4772476127415466
0.9797042093711303,0.9990694516972239,0.5078612280038008
0.9892473842976353,0.98354341610477,0.535383479940652
0.9958652618344435,0.9674336881228165,0.5594957370969063
0.9993994781622115,0.9509378221831568,0.57995535778986
0.9997613426465588,0.9342905272362736,0.5965990520514204
0.9969424620290019,0.9177419018467412,0.6093447811100035
0.9910158081657119,0.9015320036267248,0.6181921717274221
0.9821269301462292,0.8858678284319851,0.6232214457723586
0.9704776769704009,0.8709077528157283,0.6245908883127065
0.9563063870472365,0.8567555597037015,0.6225329001550328
0.9398685125070043,0.8434630326279502,0.6173487030362637
0.921420470275435,0.8310381969535043,0.6094017874347166
0.9012079591125994,0.819455958683871,0.5991102140489382
0.8794587102021868,0.8086686273978838,0.5869379001265322
0.8563789091811669,0.7986148812082787,0.5733850407093968
0.8321522851855275,0.789226645289732,0.5589778321350884
0.8069409261039595,0.7804339367239135,0.5442576803634189
0.7808870766119588,0.7721680061202754,0.5297700894056625
0.7541153949953197,0.7643631816446212,0.5160534348617958
0.7267353326162607,0.7569577897250472,0.5036278338144875
0.6988434402761067,0.7498944541847897,0.4929843246561276
0.6705255016675822,0.7431199977651399,0.4845745684757503
0.6418584552382691,0.7365851026944535,0.4788012771153589
0.6129121023394498,0.7302438346255189,0.47600956180033194
0.583750619920985,0.7240530961313322,0.47647938038068816
0.5544339064229543,0.7179720493873922,0.48041924083385723
0.525018794095537,0.7119615298050341,0.4879612942189375
0.4955601624513943,0.7059834607672487,0.4991579221886262
0.46611198760068034,0.7000002724068192,0.5139798932335999
0.4367283618154976,0.6939743232830502,0.5323161288287963
0.40746451736510747,0.6878673220891257,0.5539750865215503
0.37837788865436595,0.6816397468106504,0.5786877327235871
0.34952924697164967,0.6752502611136849,0.6061120445128978
0.3209839423922805,0.6686551326118787,0.6358389480626521
0.29281328695626996,0.6618076659409715,0.6673995722749986
0.2650961109992478,0.6546576766600656,0.7002736704866344
0.2379205185545369,0.6471510518915985,0.7338990413871507
0.21138585501602508,0.6392294728480559,0.7676817628976842
0.18560487615505383,0.6308304158129375,0.8010070399691998
0.16070606539588472,0.6218876039730994,0.8332504591342236
0.13683597718256113,0.6123321524032143,0.8637894390517928
0.11416137808444693,0.6020947255328234,0.892014667033667
0.09287080570575618,0.5911090903902065,0.917341316214916
0.07317496941529922,0.5793174571121765,0.939219846258748
0.055305200515371356,0.5666778774901144,0.9571462017482837
0.03950898971052169,0.5531736232398125,0.9706712362389673
0.02604165386360835,0.5388237995631777,0.9794092058317183
0.015153530971129703,0.5236934802626908,0.9830451936555527
0.007072971258863747,0.5079006296366366,0.9813413454023419
0.0019867582716723287,0.49161657118942714,0.9741418157347965
2.109247506004719e-05,0.47505748680758914,0.9613763457237816
0.0012271773075975267,0.4584667120901996,0.9430624122788522
0.005575022006230723,0.4420907868094414,0.9193059116826596
0.012957145719783292,0.42615473617443217,0.8903003607487321
0.02320116212224188,0.4108423851456554,0.856324620727225
0.03608799423365017,0.3962854359418197,0.8177391708361803
0.051371641951021785,0.3825618456646245,0.774980980146097
0.06879705033367822,0.3697014222359657,0.7285570483840758
0.08811405210009643,0.3576954404797591,0.6790367079173869
0.1090868074993751,0.3465073388789402,0.6270428005017479
0.13149917234188668,0.33608251337055184,0.5732418630784082
0.15515690074291322,0.3263562428976488,0.5183334765667098
0.17988766527058847,0.3172595323295353,0.46303894982508
0.20553973748186527,0.3087230810969549,0.4080895272197296
0.23197995915488234,0.30067975429774285,0.35421432197694713
0.2590914299794631,0.293065949197427,0.3021281881476696
0.2867711740313382,0.2858221950349048,0.2525197509953472
0.3149279303162503,0.27889324768357987,0.2060398184032266
0.3434801351471888,0.2722278679781984,0.16329039404891788
0.3723541160094087,0.265778412923518,0.12481450627269908
0.4014824885482502,0.25950032410061513,0.09108705461195044
0.4308027331654922,0.2533515655382019,0.06250685887404472
0.46025592031488366,0.24729204132922578,0.03939007360273905
0.48978555056595696,0.24128300868460928,0.021965104239434652
0.5193364746953439,0.23528649279661862,0.01036913083365576
0.5488538591635818,0.2292647042899677,0.004646311561856464
0.5782821625948242,0.22317945716504922,0.004747702572114321
0.6075640889271166,0.216991584442625,0.010532893749402916
0.636639482660417,0.21066035007366662,0.02177332307713087
0.6654441312563986,0.2041428593524065,0.03815719639773363
0.693908439740747,0.19739347675800428,0.05929590563630427
0.7219559438044525,0.19036327104895995,0.08473180788593737
0.7495016317872274,0.18299952429693167,0.11394720096800626
0.7764500553703957,0.17524536674687619,0.14637430881481706
0.8026932275673644,0.16703963575984365,0.1814060726863964
0.8281083405483127,0.15831710736574578,0.21840753207962393
0.8525553930594953,0.14900931430489323,0.2567275722170379
0.8758749077515491,0.1390462413889424,0.29571081309194014
0.8978860525733506,0.12835926383178103,0.33470941784807806
0.918385661931296,0.11688573436692323,0.3730946053973945
0.9371488702274304,0.1045755695495863,0.41026766307612306
0.9539322754436406,0.09139994218326997,0.44567026927619935
0.9684806407278199,0.07736165184858657,0.4787939527691627
0.9805379522705495,0.06250587331976881,0.5091885343209235
0.9898629961798282,0.04692891136819305,0.5364694166707089
0.9962484130379685,0.030781767509313107,0.5603236105528637
0.9995406447632713,0.014265463566093983,0.5805144068228003
0.9996569132901114,0.9986725336297362,0.5968846275782305
0.9965951831630733,0.9821416557286606,0.6093584122463831
0.9904344445100933,0.9659668758024548,0.6179415177299248
0.9813252347702583,0.9503518848377657,0.6227201347659417
0.9694729383803046,0.935450948337468,0.6238582455443975
0.9551178777221183,0.9213636619087413,0.6215935702522977
0.9385161056879235,0.9081380975781571,0.6162321724555646
0.9199235752689048,0.8957793406081808,0.6081418149553208
0.8995848116404361,0.8842601957500192,0.5977441787650442
0.8777259780931483,0.873531628326869,0.5855060779098054
0.8545515396703196,0.8635315779724331,0.5719298215270747
0.8302435165500306,0.8541916736395343,0.5575428918699359
0.8049623986058456,0.8454419336909895,0.5428871218666202
0.7788489948060282,0.8372137931674664,0.528507568390026
0.7520267094136877,0.8294418642133814,0.5149412868581997
0.7246039213689892,0.8220647992025301,0.5027062187324667
0.6966762799716015,0.8150255522207743,0.4922904055072017
0.6683288228618699,0.8082712572097752,0.48414174045899827
0.6396378811937555,0.801752874858537,0.478658462570273
0.6106727719256353,0.7954247091523997,0.4761805854498675
0.5814972965813918,0.7892438573511135,0.4769824378561296
0.5521710756540477,0.7831696313746805,0.48126647170753856
0.5227507520775508,0.7771629712715864,0.48915846869673274
0.49329109851210073,0.7711858602289392,0.5007042483009734
0.4638460631684681,0.7652007436511381,0.5158679488498308
0.43446978848756734,0.7591699509536833,0.5345319201920589
0.40521763670177224,0.7530551171559214,0.5564982323302345
0.37614725632584667,0.7468166017985858,0.5814917701374469
0.347319723905946,0.7404129052409291,0.6091648509276482
0.31880079557460017,0.7338000874888062,0.6391032701440338
0.2906623024399543,0.7269312032959607,0.6708336516131084
0.26298372139074344,0.7197557808175652,0.7038319534164366
0.23585394654250913,0.712219391607943,0.7375329590124018
0.20937327313531084,0.7042633898271491,0.7713405662112578
0.18365558047196417,0.6958249409842454,0.804638674181227
0.15883065656897477,0.6868375175202824,0.8368024608947593
0.13504653563696228,0.6772321093492292,0.8672098401767627
0.11247161006805556,0.6669394744377731,0.895252888590651
0.09129612339101756,0.6558938160418716,0.9203490373518832
0.07173245177683407,0.6440382745042439,0.9419518329551728
0.0540133658183512,0.6313324869766975,0.9595610816586948
0.03838730259074474,0.6177620975403003,0.9727322069835793
0.02510970251753608,0.6033494081489593,0.9810846653988676
0.014429857292222847,0.5881633747556172,0.9843092830044498
0.006573626281698608,0.5723261477242931,0.9821743948538177
0.0017237731122691224,0.5560129204671043,0.9745306882903044
1.1562535169318267e-06,0.5394426913954735,0.9613146720526409
0.0014508350922338153,0.5228599339529333,0.942550713725133
0.006036606906532682,0.506510374358084,0.9183516092894841
0.013645464074828417,0.49061646821943894,0.8889176699448136
0.02410074657139538,0.47535829509969996,0.8545343329798882
0.03718061985003457,0.46086337264700505,0.8155683252487904
0.05263780268881546,0.44720568697642343,0.7724624296366613
0.07021718502596852,0.4344117143662038,0.7257289267496887
0.0896694283011909,0.4224702144127219,0.6759418057174251
0.11076006777367037,0.4113429135281006,0.6237278593036706
0.13327460215290376,0.40097417748745345,0.5697567991328896
0.1570204946948645,0.3912987770475557,0.5147305464236567
0.18182706313176972,0.38224757590084113,0.45937187171561433
0.20754408623340231,0.37375136992862845,0.40441257315824686
0.23403974061953703,0.36574325990749834,0.3505813964680975
0.261198279368952,0.3581599480526557,0.2985919100481276
0.2889177041523905,0.3509422907393391,0.24913055544443097
0.3171075689392454,0.3440353630347729,0.20284509576628196
0.345686978432851,0.33738821874708924,0.16033368247908086
0.3745827981308675,0.33095347124541596,0.12213475377398453
0.4037280661053632,0.32468677648085875,0.08871796537019705
0.43306058219806265,0.3185462684662812,0.060476337123546386
0.46252164337059154,0.312491976142126,0.037719776433245755
0.49205489116059703,0.3064852364407158,0.020670112570012833
0.5216052364898792,0.30048810937603676,0.009457745326276523
0.5511178272051893,0.2944627956294579,0.004119977601511948
0.5805370239821736,0.2883710544091763,0.00460106565556373
0.6098053502540264,0.2821736188233047,0.010753983809582479
0.6388623815581987,0.2758296075249578,0.02234386348915507
0.6676435393395661,0.269295935261295,0.039053030751770024
0.6960787542895397,0.26252673192329745,0.060487532909764496
0.7240909657097077,0.25547279097704995,0.08618501445443627
0.7515944277743574,0.24808108557234826,0.11562377602392004
0.778492803568456,0.24029441657796258,0.1482328282603902
0.8046770474713543,0.23205129414327152,0.18340273543767793
0.8300231118750752,0.223286205811917,0.22049703200013582
0.8543895736447992,0.21393049066997138,0.2588639885614228
0.8776153692801657,0.20391411647141,0.2978485023772741
0.8995179652269447,0.19316873030179765,0.3368038904534849
0.9198924748082322,0.18163238874080134,0.37510337088393797
0.9385124515226398,0.16925630724692153,0.41215102917492175
0.9551332891742101,0.1560137061205571,0.4473920806770586
0.9694992346251908,0.14191026967078757,0.4803222572036816
0.9813547997481011,0.12699483943497974,0.5104961649401076
0.9904606617964187,0.11136788980444051,0.5375344813265599
0.9966128988737919,0.09518455826817551,0.5611298802774201
0.9996628572420239,0.07864924582608929,0.5810515975300561
0.9995337268885813,0.062000613034636554,0.5971485707793001
0.996229826643307,0.0454888892317003,0.6093511123381035
0.989836102509847,0.02935041096023361,0.6176710952013984
0.9805079752076129,0.01378547823025189,0.6222006564341065
0.9684542418069937,1.0,0.6231094446920942
0.9539170919401272,0.9859778453145416,0.6206404612767926
0.937153084467533,0.9728192114419032,0.6151045663398733
0.9184176418083885,0.9605263106109461,0.6068737435323861
0.8979540758552758,0.9490699105773699,0.5963732373468318
0.8759869640365097,0.9383996859593787,0.584072697356774
0.8527190482540787,0.9284528782621062,0.5704764822315163
0.8283306469102913,0.9191608481437314,0.5561132933818662
0.8029806643861737,0.910453632991179,0.5415253229588401
0.7768084887720339,0.9022628623812845,0.5272571132142048
0.7499362855325159,0.8945234371782724,0.5138443334259755
0.7224713757201049,0.8871743368802243,0.5018026862804703
0.6945085204433235,0.8801588447700427,0.491617157256794
0.6661320231936669,0.8734244035939851,0.483731817928458
0.6374176183478195,0.8669222493784187,0.4785403868522238
0.6084341477316062,0.8606069209693696,0.47637773977128006
0.5792450456357201,0.8544357067174781,0.47751254427325307
0.5499096619380881,0.848368064688187,0.48214117300194914
0.5204844569416447,0.8423650360194705,0.49038302444835935
0.4910241027037633,0.8363886602201163,0.5022773517753976
0.461582525555112,0.8304013945397937,0.51778166882713
0.4322139240956679,0.824365535862023,0.5367717692263341
0.4029737966823577,0.818242642167191,0.5590433602539449
0.3739200124699553,0.811992951208563,0.5843152789981119
0.3451139603598072,0.8055747967479109,0.6122342250139106
0.31662181039939175,0.7989440280230535,0.6423809124215296
0.2885159215595771,0.7920534470325891,0.6742775157997087
0.2608764271528058,0.7848522922154672,0.7073962591148373
0.23379302238316035,0.7772858182525324,0.7411689758540376
0.20736696439329644,0.7692950526420754,0.7749974518449037
0.18171326878469418,0.7608168532209091,0.8082643501866329
0.15696304089294522,0.7517844489199615,0.8403445103021383
0.13326580600121846,0.742128717728277,0.8706164102303404
0.1107915899335401,0.7317805326102539,0.8984735826500732
0.08973234262608693,0.7206745649739266,0.9233357803925735
0.070302095724326,0.7087549292260681,0.9446596959187943
0.052735030332552,0.6959829029856287,0.9619490509339315
0.0372804781530065,0.6823465643049764,0.9747638864704271
0.024193925240037717,0.667871469384577,0.982728899943826
0.013723515048624235,0.6526304930328607,0.9855406934163682
0.0060925006818745575,0.6367499681971978,0.9829738162104782
0.0014795164644333947,0.6204089001484651,0.9748855048108851
0.0,0.6038289914090387,0.9612190433961878
0.0016928393083900928,0.5872557063766213,0.9420056892019986
0.006515652407400596,0.5709338108110619,0.9173651281071464
0.014349989362821614,0.5550830786136187,0.8875044472611897
0.025015031476179617,0.5398797872440521,0.8527156331967269
0.038286307203853676,0.5254472691249552,0.8133716256434198
0.05391536017965226,0.5118555802168294,0.7699209790978472
0.07164710563393217,0.4991279274018737,0.7228812060331862
0.09123308632541655,0.4872506212574889,0.6728308972829069
0.11244024075807979,0.4761837351136332,0.6204007363757569
0.1350557203139533,0.4658706513418271,0.5662635451617284
0.1588886947457543,0.4562456663543874,0.5111235175545055
0.18377011691647066,0.44723952520857657,0.4557048161621253
0.2095512590605681,0.4387831339204706,0.4007397225084972
0.23610161760975662,0.43080983619441665,0.34695654485016547
0.2633065841883398,0.4232566420392157,0.29506749772910723
0.291065124191925,0.41606473495157503,0.2457567737766162
0.31928759400244255,0.4091795074211193,0.19966903039641082
0.34789375555561797,0.40255030344845244,0.15739851137188055
0.3768110025172227,0.39612998945887273,0.11947901584695231
0.4059727866943458,0.3898744322340334,0.0863749143903938
0.4353172196314634,0.3837419321686412,0.05847339399461404
0.46478581780470146,0.3776926394704792,0.03607809111365867
0.4943223572571499,0.3716879672676326,0.01940424466021895
0.523871802915197,0.36569000692562526,0.008575469896680232
0.5533792779890601,0.3596609457527962,0.003622220177270208
0.5827890390990466,0.353562484758698,0.0044819674841249935
0.6120434227791953,0.34735525374708576,0.011001095725344356
0.6410817287229942,0.34099822270987623,0.022938463914055518
0.6698390047887632,0.33444811256665713,0.0399705607313976
0.6982446988863061,0.3276588155410313,0.06169813864696749
0.7262211444390992,0.3205808471477394,0.08765418563188376
0.7536818508212919,0.3131608697429868,0.11731306637532057
0.780529580749917,0.3053413543159883,0.15010064335828943
0.8066542172743403,0.2970604855455791,0.1854051715910714
0.8319304599439705,0.2882524677329559,0.2225887494464196
0.856215451401479,0.27884845676321246,0.2609991018409197
0.8793465322653427,0.2687784211312533,0.2999814708379134
0.9011394633170802,0.25797430729029625,0.33889039224446194
0.9213876424379168,0.24637491484366275,0.37710114450466037
0.9398630630863074,0.2339328094866484,0.4140206676264988
0.9563199568602321,0.22062331970806764,0.44909776445376437
0.9705021220512557,0.2064550764920109,0.481832413743259
0.9821546902009956,0.19148063679013982,0.5117840436593966
0.9910403430798339,0.17580466063002564,0.5385786349877186
0.9969587128143869,0.159586386841022,0.561914545113801
0.9997661459483576,0.14303350324917286,0.5815669663007164
0.9993918517628773,0.12638644018457967,0.597390954676257
0.9958464951006079,0.10989526177978154,0.6093229894516483
0.9892209115222212,0.09379424497343763,0.617381045017968
0.9796752978420615,0.07828021728681173,0.6216631816201144
0.9674217408627045,0.06349914569251863,0.622344683165057
0.952704182189574,0.04954232533663566,0.6196737933005316
0.9357795940765796,0.036450572563282546,0.6139661230834292
0.9169028040334524,0.024223293740698315,0.6055978251832563
0.8963158729244513,0.012829283154537463,0.594997650455845
0.8742417757880117,0.0022169771983115982,0.5826380225990064
0.8508815297788364,0.9933787399827974,0.5690252851484239
0.8264137592438219,0.9841341279548184,0.5546892919110071
0.8009957958439466,0.975468996024483,0.5401725266087105
0.7747656216820544,0.9673151779041906,0.5260189495742864
0.7478441786020162,0.9596078675798203,0.5127627782804289
0.7203377441980554,0.9522863726360112,0.5009174138611101
0.6923402045720151,0.9452943043585831,0.4909647271325319
0.6639351408414342,0.9385794118323245,0.4833449146215898
0.6351977010023538,0.9320932032648286,0.4784471275128368
0.6061962609043736,0.9257904488806887,0.4766010641114633
0.5769938957099122,0.9196286245280063,0.47806969947973954
0.5476496919438765,0.9135673308272199,0.4830433045270439
0.5182199339118668,0.9075677064692411,0.49163488147495116
0.48875919928214573,0.901591843812818,0.5038771138050748
0.4593213985049036,0.8956022085362358,0.5197208973054686
0.42996079232514917,0.8895610616109664,0.5390354854919472
0.40073302139522904,0.8834298806207272,0.5616102484209655
0.3716961820651473,0.877168778197295,0.5871580097588129
0.3429119827278009,0.8707359182266996,0.6153198938401445
0.3144470152548058,0.8640869360397934,0.6456715833224465
0.28637417533653314,0.857174378043791,0.6777308597194427
0.25877426264764075,0.8499471907125495,0.7109662742794356
0.23173778455281546,0.8423503106531081,0.7448067759323855
0.2053669722014556,0.8343244392599056,0.7786521067026904
0.17977799026633245,0.8258061300558068,0.8118837632781926
0.15510327405449803,0.8167283760741045,0.8438763163916079
0.13149385101565803,0.8070219571407773,0.8740088770923293
0.10912138758876089,0.7966178833675005,0.901676500703875
0.0881795398725918,0.7854513270629618,0.9263013247883585
0.06888398254464007,0.7734674214034636,0.9473432464210845
0.05147027691065115,0.760629140213847,0.9643099559736292
0.036188595703989745,0.74692705715434,0.9767661589339056
0.02329439080796919,0.7323900391220199,0.9843418336001228
0.013034554159905176,0.717094914013124,0.9867393903149235
0.005629617072756887,0.7011721900709862,0.9837396168880694
0.0012539768427128895,0.6848046220569106,0.9752063147058436
1.757480349418028e-05,0.6682165007916856,0.9610895504621624
0.0019531048586199362,0.6516541336674861,0.94142746933613
0.007012042882695191,0.6353611808833355,0.9163466366396129
0.01507058414952367,0.619554626493889,0.8860608964070984
0.025943867411004518,0.6044068937743736,0.8508687570316056
0.03940490397550622,0.59003713310122,0.8111493358196569
0.05520416642791376,0.5765115134033669,0.7673569161940819
0.07308667341639663,0.5638500351613585,0.7200141930725259
0.09280489948361431,0.5520366257855993,0.669704303592944
0.11412721292566363,0.5410297635825119,0.6170617615473581
0.13684242639344235,0.5307718931919244,0.5627624343862863
0.1607614127678879,0.5211968695235252,0.5075127210309276
0.185716749627307,0.5122353407332276,0.4520381065620924
0.21156118877460633,0.5038183360569007,0.39707128558261573
0.23816553142109936,0.4958794489593427,0.3433400591499698
0.265416292970874,0.4883559998139994,0.2915552200386138
0.2932133887906415,0.48118949905521785,0.2423986471687165
0.32146796525117605,0.47432565472646876,0.1965118317952026
0.35010043048628003,0.4677140981895962,0.1544850551180339
0.37903869659645106,0.4613079455972603,0.11684742897146094
0.4082166205273004,0.4550632710184541,0.08405799813894177
0.4375726178665144,0.44893853763300406,0.05649808457969385
0.4670484176710038,0.442894013345595,0.03446503077185881
0.4965879240696263,0.43689118396501325,0.018167471867201357
0.5261361498801977,0.4308921687476446,0.007722235110009024
0.5556381876646703,0.424859138207669,0.0031529308044682125
0.5850381838765928,0.4187537317567235,0.004390262992899352
0.6142782817382526,0.41253647250978764,0.011274050996853191
0.6432974981843005,0.4061661784440777,0.023556916173717468
0.6720304998693186,0.39959937338726637,0.04090955277062491
0.7004062434151779,0.39278970884502906,0.06292746862733622
0.7283464468104307,0.38568741977187265,0.0891390516255619
0.7557638639253226,0.3782388559432118,0.11901479198166243
0.7825603452761568,0.37038615810362446,0.15197746928404499
0.8086246898573135,0.36206718741833177,0.187413097032465
0.8338303313431789,0.35321587051434555,0.22468240643441462
0.8580329659578997,0.3437631909937381,0.2631326454439247
0.8810683290339631,0.3336391365203928,0.30210946820596263
0.9027504721222139,0.3227759811990948,0.3409686939048555
0.9228710842593049,0.31111330770977347,0.3790877220638009
0.9412006211046627,0.29860508410001996,0.4158764030099462
0.9574921957938972,0.2852288080926201,0.4507871770443188
0.9714892277167128,0.27099611875923013,0.48332431314835134
0.9829375637525928,0.255963335242162,0.5130520973678685
0.9916020042962791,0.24023931586601893,0.5396018417938606
0.9972858511157365,0.22398736183833712,0.5626776068790846
0.9998505441702608,0.2074183514131806,0.582060552355923
0.9992313589580588,0.19077434433323143,0.5976118549302107
0.9954452933370397,0.17430508657935873,0.6092741540500697
0.9885890023064611,0.15824266710413498,0.6170715101660633
0.9788273496378421,0.14278036405586786,0.6211078829518577
0.9663755890084702,0.1280599657284549,0.6215641597962076
0.951479300249999,0.11416866025453765,0.618693787431166
0.9343957786760784,0.10114372262737631,0.6128170817106202
0.9153791948287358,0.08898182054720105,0.6043143121344698
0.8946703227104296,0.0776498375840114,0.5936176785339526
0.8724905198393011,0.06709502330841366,0.5812023171222087
0.8490390779210898,0.05725333971553398,0.5675764915429475
0.8244929354782558,0.04805569099857426,0.5532711412392288
0.7990078644547125,0.03943220301332184,0.5388289739493892
0.7727204559085703,0.031314922717928684,0.5247933009910462
0.7457504431863704,0.023639341293423877,0.5116968226564218
0.718203074747647,0.01634509516599081,0.5000505761393939
0.6901713747447642,0.00937612230716578,0.4903332594174792
0.6617382135678131,0.002680475607663324,0.4829811411802041
0.6329781631105109,0.997265713731967,0.47837875891477566
0.6039591422998845,0.9909752718672693,0.47685059459797685
0.5747438751888092,0.9848225912312454,0.4786539001347876
0.5453911921442417,0.978767411418143,0.48397282299502464
0.5159572080564754,0.9727709651460609,0.49291395683489014
0.486496412384155,0.9667953941628202,0.505503412853237
0.45706270567777874,0.9608031691679205,0.5216854759614478
0.42771041680972344,0.9547565118489343,0.5413228764028339
0.39849533491083894,0.9486168160427192,0.564198673171493
0.3694757901071976,0.9423440659342275,0.5900197114788348
0.3407138174589076,0.9358962522684624,0.6184215835056328
0.3122764386229615,0.9292287933522543,0.6489749907479307
0.2842370949291295,0.9222939772039134,0.6811933781851245
0.25667726242040384,0.9150404561490417,0.7145416859935807
0.229688271758533,0.9074128476292254,0.748446044106668
0.20337334024969372,0.8993515276656132,0.7823042189627536
0.17784979441181809,0.890792749089339,0.8154966104381494
0.15325141209226378,0.8816692770342645,0.8473975902711324
0.12973073377624517,0.8719118074622297,0.8773869710642188
0.10746107325663307,0.8614515104812733,0.9048613969704142
0.0866377917965177,0.8502240928780361,0.929245452975664
0.06747819351958767,0.8381757521424494,0.950002298923831
0.05021918806649156,0.8252712146439624,0.9666436465189996
0.03511173374261334,0.8115036112513212,0.9787389120438448
0.022411166610034505,0.7969051748660244,0.9859233939726906
0.012363022538111668,0.781556718124492,0.9879053425742299
0.005184995523785818,0.7655929134055532,0.9844718076727759
0.0010471399067588094,0.7492001982998844,0.9754931706193517
5.382892241262427e-05,0.7326053328595892,0.9609262870052397
0.002231544198938229,0.7160553186631191,0.9408161875619072
0.0075256609257629,0.6997925672496905,0.9152963059118946
0.015807110020698123,0.6840311687544841,0.88458722328566
0.026887104748914814,0.6689396447819178,0.8489939419670378
0.04053625828689089,0.6546329705638522,0.8089017210094731
0.0565040743339274,0.6411734732797276,0.7647705296022984
0.07453575079502106,0.6285780106443823,0.7171281952789208
0.09438474236216443,0.6168281923346856,0.6665623457506626
0.11582087202580882,0.6058809587405936,0.6137112643220384
0.13863462116699882,0.5956778613575185,0.559253799250861
0.1626385617332468,0.586152345449901,0.5038984867100353
0.18766688524318598,0.577234983216391,0.4483720646807967
0.21357380903811646,0.568856939615192,0.3934075706700568
0.24023142408224568,0.560952064301428,0.33973222901380495
0.26752735487579105,0.5534579903212268,0.28805534312919434
0.2953624531205141,0.5463165547008201,0.2390564138328699
0.32364864287941575,0.5394737790764429,0.19337370628264594
0.35230696757235047,0.5328795792928541,0.15159348476482037
0.38126584811159353,0.5264873178819064,0.11424012618515533
0.4104595380775458,0.5202532726543712,0.08176730960322232
0.4398267495178324,0.5141360659844266,0.0545504605170386
0.46930941719504465,0.5080960799130152,0.032880605171197175
0.49885156694612315,0.5020948694249687,0.016959762337990014
0.5283982533924679,0.49609457821664366,0.006897968532591392
0.5578945324460612,0.4900573565949956,0.0027119982641501394
0.5872844342771316,0.48394477898178956,0.004325804697010938
0.6165099023639221,0.477717258426113,0.011572669062356766
0.6455096639322216,0.4713334575473222,0.024199010423043177
0.6742179967688757,0.4647496998334175,0.04186977205873177
0.7025633576410637,0.4579193930514952,0.06417526782819394
0.7304668394781293,0.4507924890388688,0.0906393422922811
0.7578404298712759,0.44331502329135714,0.12072867290541822
0.7845850552471358,0.4354288060859325,0.15386302176258937
0.8105884177928673,0.4270713772538054,0.189426228627525
0.8357226723147974,0.4181763916492274,0.22677772636638593
0.8598420565781857,0.4086746719847094,0.26526435452292674
0.8827806915669147,0.39849624416174745,0.30423224631491763
0.9043509166525765,0.38757373901645187,0.34303856851671455
0.9243427196076603,0.3758475632331706,0.38106290200839865
0.9425250419424346,0.3632731400866711,0.41771806274170586
0.9586499238638804,0.3498301978828979,0.4524601778626085
0.9724604774764742,0.33553344457134615,0.4847978492359175
0.9837033622959499,0.32044300627684963,0.5143002560339589
0.9921456120804557,0.3046719488319729,0.5406040689311986
0.9975943128318023,0.28838759251247104,0.5634190703470239
0.9999160881205256,0.2718039056526722,0.5825323977268795
0.9990523222020711,0.2551644350418606,0.5978113498136715
0.9950263282644289,0.23871845643203043,0.609204718962939
0.9879405069550806,0.22269574584658547,0.616742635709052
0.9779642780759932,0.20728595982717385,0.6205349348057574
0.9653159395037951,0.19262669410598487,0.6207680748070992
0.9502425971586226,0.17880106247775984,0.6177006657778215
0.9330017813399615,0.16584285792382542,0.6116576818384054
0.9138469458196747,0.1537460766078817,0.603023456784932
0.8930175437752764,0.14247575333032514,0.5922335817704116
0.8707333014272207,0.1319780011565902,0.579765843736066
0.8471917851989654,0.12218819857657343,0.5661303615901936
0.8225682565030589,0.11303705982882323,0.5518590936606493
0.797016940783173,0.10445477885460591,0.5374949042579509
0.7706730530359223,0.09637362449340259,0.5235803887905917
0.7436551331751778,0.08872938887833942,0.5106466652971484
0.7160674147398315,0.08146203783266914,0.49920234503437655
0.688002072862503,0.07451583457904731,0.48972289544579084
0.6595412787252579,0.06783913321846169,0.48264060514946294
0.6307590382816134,0.06138397673214635,0.4783353522367655
0.6017228224875547,0.05510558762149065,0.47712636414634346
0.5724950122212884,0.04896180596201227,0.4792651397214982
0.5431341888197989,0.042912506749734014,0.4849296820416278
0.5136963042907728,0.03691901321521296,0.4942201646683131
0.4842357660296542,0.03094351304503906,0.5071561246815399
0.4548064706508521,0.024948478562066,0.5236752440402483
0.4254628211345766,0.018896088805993916,0.5436337472598716
0.39626076128486204,0.012747650524099485,0.5668084090948184
0.36725886161158866,0.006463016138058941,0.5929001318634661
0.3385194910585163,0.0,0.6215390191796182
0.31011010908249115,0.9943695817613147,0.6522908421120661
0.28210471163464046,0.9874122253685577,0.6846647659774554
0.254585461201279,0.9801320683471831,0.7181221817641479
0.22764452294084203,0.9724734079939437,0.7520864661061815
0.20138611250890315,0.9643762958653683,0.7859534781089259
0.17592873103901324,0.9557766879943201,0.819102590364924
0.15140751139616299,0.9466071300091334,0.8509080451457116
0.127976517731496,0.9367982488542346,0.8807504248877649
0.10581071746781251,0.9262813981927831,0.9080280284083031
0.08510717525475081,0.9149928536989529,0.9321679503834019
0.06608480990471721,0.9028799235496663,0.952636671082292
0.048981845944246816,0.8899091435621203,0.9689499756501476
0.03404996992067255,0.876076263310435,0.9806820368994735
0.021544318603140655,0.8614169357666868,0.9874735121272344
0.011708966048080804,0.8460159872740447,0.989038522502554
0.0047586535352696635,0.8300122392512332,0.9851704027021917
0.0008589884602322462,0.8135957411999883,0.9757461284084208
0.00010870781171395949,0.7969956002338499,0.9607293497984166
0.002528067390384414,0.7804593626815721,0.9401719800893567
0.008056387414944577,0.7642280505224113,0.9142143094378419
0.016559427648784097,0.7485127600534981,0.8830836359574867
0.02784459371865189,0.7334780682820004,0.8470914272779844
0.04168021874247779,0.719234785803189,0.8066290478402109
0.05781493771842661,0.7058414453566699,0.762162108975108
0.07599420136498214,0.6933118260673123,0.7142235206018341
0.0959724908229393,0.6816252848360291,0.663405344949247
0.11752110707803665,0.6707372802715066,0.6103495738387359
0.1404322066070836,0.6605885142321148,0.5557379713899557
0.1645200557011388,0.6511120532249064,0.500281143205509
0.18962044870644146,0.6422384136638577,0.4447070106248745
0.21558905435309417,0.6338989081659078,0.38974888401266483
0.24229923834429246,0.6260276486169354,0.33613334168887476
0.26963971967903294,0.6185625827903287,0.28456813044092755
0.2975122728762299,0.6114458738034223,0.23573030900517367
0.32582958752214525,0.6046238548359932,0.19025485699095412
0.35451333153208375,0.598046723292858,0.14872396801735377
0.3834924251147198,0.5916680847198043,0.11165723708835529
0.41270151007450095,0.5854444171218008,0.07950293830112898
0.4420795874098576,0.5793344984832363,0.05263057000877325
0.4715687907711257,0.5732988214305073,0.031324820733747316
0.5011132613659462,0.5672990066303873,0.015781081032031352
0.5306580895555204,0.5612972187777988,0.006102594758171875
0.5601482886095199,0.5552555845675241,0.0022993086349067937
0.5895277662917866,0.549135610046599,0.004288442727194308
0.6187382598828165,0.542897594828769,0.01189676733677203
0.6477181999154522,0.5365000428424909,0.024864535188989123
0.6764014675946407,0.529899074006308,0.04285098257883746
0.7047160112065276,0.5230478493589018,0.06544128046131803
0.7325822889282357,0.5158960351176597,0.0921547871737971
0.7599115112289409,0.5083893508909154,0.1224544293475418
0.7866036684989369,0.5004692764126437,0.1557570171019087
0.8125453533434184,0.4920730325890764,0.19144428425401472
0.8376074287543644,0.4831340087448378,0.22887443406131425
0.8616426621637233,0.4735828785830232,0.2673939660167868
0.8844835515044394,0.4633497259624821,0.3063495591205765
0.9059407216601802,0.45236756833472375,0.34509979157113335
0.9258024677329588,0.4405776781873901,0.38302648543786333
0.9438362421696832,0.42793698763497756,0.4195454770783371
0.9597930595917294,0.414427517163855,0.45411662929604546
0.9734157983725166,0.40006710368047815,0.4862529188748077
0.9844520295367893,0.3849197229891805,0.5155284526970618
0.9926711354683982,0.36910265410188386,0.5415852866174156
0.997884099826708,0.3527871886933377,0.5641389432255259
0.9999628169212051,0.3361902809874735,0.5829825472317332
0.9988548178627117,0.3195568206557502,0.5979895201855747
0.9945897088420078,0.3031354622359842,0.6091147993573678
0.9872755588250939,0.28715354745970934,0.6163945687560073
0.9770862310913088,0.2717970436900129,0.6199445132745502
0.9642429453583374,0.25719934439571823,0.6199566297731458
0.9489942231790209,0.243439524438246,0.6166946514144982
0.9315977440390317,0.23054795523582122,0.6104881636413992
0.9123061873687545,0.2185160284093392,0.6017255116706792
0.8913576533844483,0.20730699109282358,0.5908456200663252
0.8689702245431241,0.19686586907720932,0.5783288645407438
0.8453397429843081,0.18712749345084118,0.5646871543441492
0.82063980218301,0.17802241285668374,0.5504533999574655
0.7950230944958245,0.16948090434574908,0.5361705549311431
0.7686234738716026,0.16143546681452403,0.5223804320843719
0.7415583017921109,0.15382219680000048,0.509612502436319
0.7139308109790754,0.1465813898867202,0.4983728897079267
0.6858323403471995,0.13965763300161588,0.48913377359733445
0.6573443732636786,0.1329995788009951,0.4823234109794292
0.6285403597874802,0.12655953280374987,0.4783169754795118
0.5994873317556586,0.12029293839531813,0.477428402473258
0.5702473347242583,0.11415781238953204,0.4799034085651428
0.54087870806241,0.10811416162145232,0.4859138322469896
0.5114372473804424,0.10212339633053485,0.49555341622245663
0.48197728412532703,0.09614774670250126,0.508835122378489
0.45255271692234833,0.09014968329464346,0.5256900383877579
0.42321802883862536,0.084091339142838,0.5459679012868968
0.3940293245603307,0.07793393056966152,0.5694392290656225
0.365045421616225,0.07163717492607702,0.595799017301406
0.3363290300912747,0.06515870693334586,0.6246719251393138
0.3079480553105557,0.05845350159229523,0.65561884438074
0.2799770568923331,0.05147332191217058,0.6881447178807392
0.2524988939080518,0.044166225649267865,0.7217074495568063
0.22560657727541206,0.03647618909273698,0.755727728567475
0.19940533323253434,0.028342940426847374,0.7895995749626401
0.17401485028963187,0.019702143058528465,0.8227014035007336
0.14957162870688845,0.0104861319098844,0.8544073963403278
0.12623126667962437,0.0006254803134584375,0.8840989737624376
0.1041703910528552,0.9911075312276383,0.9111761547302102
0.08358776728109807,0.9797576015349035,0.9350686054427726
0.06470391290661115,0.9675799387519946,0.9552461837495763
0.04775833228673887,0.9545429455752421,0.971228799787422
0.03300338100337946,0.9406450516061337,0.9825954280235649
0.02069391126940845,0.9259253826109314,0.9889921225797806
0.01107242846920542,0.9104728048168388,0.9901389058270951
0.0043506060152123105,0.8944302695946297,0.9858354194441716
0.0006895024518737691,0.8779913632259178,0.9759652471163456
0.00018215415206790375,0.8613874147724071,0.9604988386067781
0.002842582152078832,0.8448663654718009,0.9394949858751964
0.008604101579494705,0.8286677092308532,0.9131008231850295
0.017327396858570487,0.8129994528220752,0.8815503446063495
0.02881618445998091,0.7980221902439962,0.8451614539938532
0.042836634469257506,0.783842581451465,0.8043315842964383
0.059136611346039314,0.7705154139521588,0.7595319449006901
0.07746188990456848,0.7580514528978681,0.7113004774869651
0.0975680220025919,0.7464278668412517,0.6602336224299918
0.11922780836439834,0.7355986877555579,0.6069770188368722
0.14223508587189443,0.7255038102948285,0.5522152815933978
0.16640580980583725,0.7160759521429995,0.49666101785355465
0.191577365910842,0.7072455933483512,0.4410432628128049
0.21760686004926155,0.6989442055733112,0.38609552978212136
0.24436891767026947,0.6911061685980228,0.332543682001905
0.27175333776344646,0.6836697467339184,0.2810938426871026
0.29966280426725667,0.6765774285400108,0.23242056493495866
0.32801076024857023,0.6697758566066073,0.1871554838587599
0.3567194874480034,0.6632155069340661,0.1458766692394171
0.3857183959626306,0.6568502247008976,0.10909888784958
0.4149425074999195,0.6506366845580654,0.07726497029284118
0.444331104573331,0.644533816522771,0.05073845783508091
0.47382651295870665,0.6385022202678543,0.029797680558960593
0.5033729829361251,0.6325035786569737,0.01463138974915168
0.5329156345661262,0.6265000739512556,0.005336035438062936
0.5623994324909322,0.6204538058363627,0.0019147453255001778
0.5917681559378913,0.6143262086068415,0.004278024865268293
0.6209633295141945,0.6080774650791981,0.012246161248100407
0.649923080038552,0.601665917169088,0.02555327740790503
0.678580884371545,0.5950474780136661,0.04385294714832
0.7068641736299134,0.5881750589660456,0.06672525001449614
0.7346927614776728,0.5809980381771636,0.09368511553904568
0.7619770703506592,0.573461817854271,0.12419178168526557
0.7886161426013121,0.5655075472654805,0.15765917222775627
0.814495448459766,0.5570721310370286,0.19346698283138153
0.8394845462101586,0.548088699558255,0.23097225577956593
0.8634347212556381,0.5384877898998941,0.2695212186756173
0.8861768401517576,0.5281995642607741,0.3084611627167959
0.9075198116509466,0.5171574574023103,0.3471521409857594
0.9272502478188864,0.5053036502827287,0.3849782761128573
0.9451341385903959,0.49259663818033206,0.4213584791224534
0.9609215221691747,0.4790207955512684,0.45575639670697754
0.9743551186771371,0.464597147534975,0.4876894219783523
0.9851835110358809,0.44939356010749576,0.5167366234553263
0.9931785459291282,0.43353152750585244,0.5425454680862067
0.9981552167851899,0.41718626077186766,0.564837236140864
0.9999907725859308,0.40057759210250093,0.5834110484514099
0.9986389249028556,0.38395160829865616,0.5981464494636448
0.9941355460134409,0.3675561930093255,0.6090045127079762
0.9865942924696596,0.351616136022862,0.616027458429599
0.9761933570110845,0.336313652616946,0.6193367961317477
0.9631567592841737,0.32177792837757946,0.6191300275870297
0.9477343277704171,0.3080840372336827,0.6156759683443696
0.9301838076259836,0.295258990482019,0.6093087678145999
0.91075704857205,0.28329164198378015,0.6004207294304784
0.8896907675126944,0.2721435114364223,0.5894540530028358
0.8672013919429667,0.26175858549708525,0.5768916408959441
0.8434830415146674,0.2520711829257899,0.563247127710369
0.8187076513702067,0.24301171028190122,0.5490543093720994
0.7930263943724126,0.2345105421150348,0.5348561614630043
0.7665717784574146,0.22650041510915941,0.5211936477517618
0.7394600016063321,0.21891773336233517,0.5085945277857284
0.7117933097135486,0.21170312240073352,0.4975623765566759
0.6836622181502648,0.20480149120200974,0.4885660292951428
0.6551475337360618,0.19816178826638647,0.4820296600266829
0.6263221605674525,0.19173657838477293,0.47832369347223036
0.5972527001158608,0.18548152231617682,0.47775673610791003
0.5680008703861,0.1793548100354797,0.4805686938483831
0.5386247757788405,0.17331657666398337,0.4869252211556798
0.5091800619449935,0.1673283159573959,0.49691361987645877
0.4797209904668217,0.1613522971712017,0.5105402763895981
0.4503014679131356,0.15535098571757944,0.5277296934832627
0.4209760634170978,0.14928646528040673,0.5483251396641968
0.3918010487698581,0.1431198584298759,0.5720909042813922
0.36283549518326386,0.13681074414819155,0.5987161129037482
0.3341424611834013,0.13031657430234234,0.6278200248095445
0.30579030608603786,0.1235920976599369,0.6589587041097218
0.27785416228582605,0.11658881069526,0.6916329287218943
0.2504175956491581,0.10925447088794193,0.7252971778311874
0.22357447417639004,0.1015327327769282,0.7593695190647942
0.19743104695907138,0.09336300245624923,0.7932422017095746
0.17210820263098658,0.08468065516592105,0.8262927520576397
0.14774382111531803,0.07541782433599509,0.8578953613217379
0.1244950447641387,0.065505045662554,0.8874323553653056
0.10254016513362824,0.05487411347996257,0.9143055384169116
0.08207964507107435,0.043462547813624075,0.9379472095951193
0.06333558366004122,0.03122002058965062,0.957830660980381
0.04654872840354929,0.018116859303245136,0.9734799786876422
0.03197204282973204,0.004154234657651579,0.9844789833547942
0.019860007573489824,0.9904305779548315,0.990479163284526
0.010453451457764329,0.9749272556665631,0.9912064716781082
0.003960865257505886,0.9588471074484016,0.9864668786766906
0.0005386589786764984,0.9423871770712426,0.9761505889498316
0.0002741078809726516,0.9257808876546896,0.960234856158003
0.0031749939152012074,0.9092764253202262,0.9387853465898566
0.009168681065478412,0.893111619958818,0.9119560255418868
0.018110876692367328,0.8774912974317426,0.8799875615014123
0.029801727078015428,0.8625720347808594,0.8432042648607485
0.044005355154918824,0.8484563586838181,0.8020095996819663
0.06046895094766702,0.8351953623940683,0.756880328863712
0.07893868238355795,0.8227968620542796,0.7083593748407964
0.09917121431128118,0.8112359017154482,0.6570474994485629
0.12094086742204013,0.8004651408568759,0.6035939276210414
0.14404316329484157,0.7904237082928461,0.5486860597728231
0.16829574024462074,0.7810440018811384,0.49303843668380765
0.1935375636891728,0.7722564839876565,0.437381137948087
0.21962716227264673,0.7639927961730459,0.3824478100547424
0.24644040622460678,0.7561875914111964,0.328963532341227
0.2738681601099392,0.7487794521275514,0.27763273784072595
0.30181400400965663,0.741711191531016,0.22912741087694855
0.330192122555234,0.7349297594098293,0.18407578362860022
0.35892540076149304,0.7283859073561978,0.14305174945211618
0.387943729311126,0.7220337167860513,0.10656520121338175
0.4171825015831529,0.7158300554479259,0.07505348819173108
0.4465812742411329,0.7097340018219098,0.04887416537214406
0.47608255847914893,0.7037062590930798,0.02829918444694357
0.5056307073889074,0.6977085688512694,0.013510647152489952
0.5351708647116661,0.6917031275018639,0.00459820931160948
0.5646479404832623,0.6856520043325767,0.0015581891073033205
0.5940055792564148,0.6795165585145801,0.004294396579094695
0.6231850864664346,0.6732568527131002,0.012620664274979987
0.6521242781596046,0.666831063520138,0.026265022465736365
0.6807562190388329,0.660194894098852,0.04487542745637896
0.7090078143023351,0.65330100319311,0.06802691928778515
0.7367982232711086,0.6460984784994729,0.09523005641804971
0.7640370693687195,0.6385324034084164,0.12594045050650848
0.7906224348554122,0.630543596956628,0.15956920471559854
0.8164386547793115,0.6220686503783528,0.1954940443513955
0.8413539698833881,0.6130404420822815,0.23307091925014234
0.8652181720366781,0.6033893853919078,0.2716458530818677
0.8878604884854338,0.5930457419018598,0.31056681535691055
0.9090881108960625,0.5819433951955725,0.3491953971157855
0.9286859790020607,0.5700254782320068,0.38691808046341336
0.9464186482704396,0.557252104462149,0.42315690482498525
0.9620352314951808,0.5436100642336753,0.45737934842884087
0.9752783679358203,0.5291236292985781,0.4891072614989831
0.9858977542509368,0.5138645939820188,0.517924707455375
0.9936678173949745,0.49795866608571476,0.5434845895707276
0.9984076712206502,0.4815849196296052,0.5655139626150536
1.0,0.46496595326443685,0.5838179517070188
0.9984047248341245,0.4483489037943897,0.5982822235980763
0.9936639526431995,0.4319807358296876,0.6088739787672353
0.9858968435702308,0.4160835733976095,0.615641455833476
0.975285804494533,0.4008358214413224,0.6187119628003543
0.9620575336505774,0.38636245602451574,0.6182884724253448
0.9464630595588327,0.3727345906055295,0.6146448414645747
0.928760111821513,0.35997593868219424,0.6081197355411803
0.9091996572571576,0.3480728828586901,0.5991093627702959
0.888017000848796,0.3369852747241243,0.588059139805619
0.8654269051570799,0.32665610885256113,0.5754544333893676
0.8416217699052196,0.3170192257316987,0.5618105384153722
0.816771881916828,0.3080049125206814,0.5476620695823655
0.7910269083186772,0.29954365503843006,0.5335519574237075
0.7645180260806451,0.29156843505541674,0.5200202504226503
0.7373602845410678,0.28401596710422194,0.507592932521618
0.7096549566425197,0.27682720665684524,0.49677096920272135
0.6814917467589935,0.26994738298606,0.4880197950000138
0.65295079630505,0.2633257376716239,0.4817594505537741
0.6241044732339668,0.256915091488427,0.4783555678791167
0.5950189573078253,0.25067131905426066,0.4781113884030255
0.5657556466715257,0.24455277993334146,0.4812609796285656
0.536372417694171,0.2385197339901799,0.4879637932989702
0.5069247724600302,0.2325337550152049,0.49830068116793313
0.4774669087419062,0.22655714791479475,0.5122714545460383
0.44805274697011144,0.22055236958527047,0.5297940414717388
0.4187369483239005,0.2144814510179961,0.5507052615661294
0.38957595793843336,0.20830541771089667,0.5747632043000586
0.3606291074022488,0.20198370698889362,0.6016511625406196
0.3319598110250907,0.19547358465612447,0.6309830407999897
0.30363689029135477,0.18872957022790038,0.6623101274829324
0.2757360595456296,0.18170289101624565,0.6951290934069618
0.24834160172580588,0.17434100233020022,0.7288910555770904
0.2215482532984479,0.16658723634050598,0.7630115261438633
0.19546329851364563,0.15838067852813864,0.7968810519337595
0.17020883885614174,0.14965642071997226,0.8298763400434908
0.14592414606135046,0.1403464044932196,0.8613716597218826
0.12276791647017404,0.13038114446342114,0.8907503098669345
0.1009201111151144,0.1196926935468095,0.9174159447297647
0.08058288596710883,0.10821924891080426,0.9408035573008142
0.06197990320453023,0.09591173713792678,0.9603899300339194
0.04535311513847379,0.0827424688890489,0.9757033754437572
0.030956030272076218,0.06871541672004272,0.986332604243259
0.019042668919713457,0.053876804275511,0.9919345756233255
0.009852074510377229,0.038323644415963254,0.9922412025723908
0.003589440922145304,0.022207074941568872,0.9870648044681865
0.0004064322912768481,0.005727513724157585,0.976302219253693
0.0003845062258527876,0.9901761289090684,0.9599375081152957
0.003525205878421034,0.9736896385903625,0.9380432065873734
0.009750002001899571,0.957559856905597,0.9107800972841957
0.01890972547423614,0.9419883417751759,0.8783955009638085
0.030801071695916338,0.9271276237407786,0.8412201043061707
0.045186231084832384,0.913076116809566,0.7996633645808551
0.06181181324100016,0.8998812726026295,0.7542075532095502
0.0804244459708337,0.8875480234731168,0.7054005219922246
0.10078194743086277,0.876049352188417,0.6538472972371352
0.12266017703525683,0.8653365988584731,0.6002006280251031
0.14585634437289924,0.8553481667617311,0.5451506349300921
0.17018976426516463,0.8460161620056312,0.48941372438940434
0.19550096980096726,0.8372710472394118,0.4337209509928961
0.2216498979738334,0.8290446442564485,0.3788060247902223
0.24851364886295085,0.8212718841716797,0.3253931726374262
0.2759841382884458,0.8138916688747918,0.2741850711189109
0.3039658293186337,0.8068471352966533,0.22585107308032804
0.3323736363592924,0.8000855381351186,0.18101594984216263
0.36113103726660734,0.7935579015340155,0.14024936633804685
0.39016839411047194,0.7872185397383662,0.10405629650536241
0.4194214637967731,0.7810245100468718,0.07286857117775014
0.44883006984516477,0.774935035839858,0.04703773060723293
0.4783369022126496,0.7689109202960435,0.02682932891876888
0.5078864105787391,0.7629139602669639,0.012418808796898162
0.5374237563669652,0.7569063628885044,0.003889032235040446
0.566893789034244,0.7508501636689956,0.0012295181484596185
0.5962400123099879,0.744706643292764,0.004337401058613466
0.6254035059354246,0.7384357409274678,0.013020087984425999
0.6543217680879421,0.731995464542308,0.02699955423583944
0.6829274434483851,0.7253413041536212,0.0459181841045222
0.7111469024851549,0.718425663007561,0.06934603043345078
0.7388986402778388,0.7111973360191352,0.09678933864027073
0.7660914701923209,0.7036010864475991,0.12770015664539258
0.7926225022920091,0.6955774034950492,0.16148683282598597
0.818374923624712,0.6870625681423552,0.19752518990875245
0.843215644628035,0.6779892141414159,0.23517015369792205
0.8669929523338016,0.6682876444726487,0.273767611672703
0.8895344271596868,0.6578882418661168,0.312666277468562
0.910645543444379,0.6467253710629527,0.35122934276824935
0.9301095803925525,0.6347431614093472,0.38884570759876524
0.9476896885671897,0.6219034001940197,0.4249405929885697
0.9631341082140485,0.60819535564816,0.458985355766405
0.9761854770105598,0.5936466035239564,0.4905063434215542
0.9865947085775466,0.578332902249434,0.5190926468803028
0.9941389262901184,0.562384167748262,0.5444026302892979
0.9986414734814101,0.545983276285608,0.5661691390473607
0.9999905468983601,0.529355477978447,0.5842033100353703
0.9981523016688909,0.5127488113506548,0.5983969310438582
0.9931750434522855,0.4964091755582862,0.6087233195354536
0.9851833488690616,0.4805559189945856,0.6152367140208206
0.974363722473578,0.4653635826606034,0.6180701943155462
0.9609454204395445,0.4509529353308339,0.6174321697129983
0.9451805663095927,0.4373911727828412,0.6136014965299452
0.9273267952015525,0.4246987738090397,0.6069213084533445
0.9076341399818084,0.41285971591365317,0.5977916644293089
0.8863364668019788,0.4018322409782501,0.5866611393139713
0.8636468645005736,0.39155839745582754,0.5740175018042919
0.8397560161614266,0.38197158061502523,0.5603776419801427
0.8148325706879256,0.3730019800874375,0.5462769266761143
0.7890247033775042,0.364580206130683,0.5322581744369401
0.7624622752845653,0.35663949248378857,0.5188604524575453
0.735259201884027,0.3491168667135306,0.5066079052724319
0.7075157969254547,0.341953614072815,0.4959988284857779
0.6793209662046051,0.33509528227682905,0.48749520020862747
0.6507541967496648,0.3284914031705624,0.48151287773365326
0.6218873300780925,0.32209505020412993,0.4784126572061318
0.5927861328035061,0.31586230833622275,0.47849237954724444
0.5635116908248519,0.30975170315472955,0.4819802468545582
0.5341216593554065,0.3037236157343805,0.4890294902161294
0.5046714032615579,0.297739696429697,0.4997145028172376
0.4752150625332455,0.29176228238932245,0.5140285220936391
0.4458065773681343,0.2857538186318312,0.5318829121966253
0.4165007069742117,0.2796762801234504,0.5531080641932391
0.38735407608556616,0.273490591977413,0.577455897075037
0.3584262833915802,0.26715604658261904,0.6046039088818169
0.3297811063730497,0.260629720487675,0.6341606949450558
0.3014878369158208,0.2538659009633347,0.6656728203501636
0.2736227805519446,0.2468155435788894,0.698632906957446
0.24627094763497992,0.23942579965823474,0.7324887723477715
0.2195279545390995,0.23163967851438938,0.7666534393540871
0.1935021330100214,0.22339594669394836,0.80051582064279
0.1683168100850081,0.21462941766702132,0.8334518732889649
0.14411266133310707,0.20527185123228897,0.8648360133575856
0.12104994662021745,0.19525375807176704,0.8940525799505288
0.09931030067589308,0.18450747617305174,0.9205071417235473
0.07909756744260232,0.17297191761061542,0.9436374460465586
0.060636952459945714,0.16059931318105686,0.9629238213764495
0.044171572836452955,0.14736401548136518,0.9778988564815734
0.029955417196365686,0.13327285926957017,0.9881561954404745
0.018241955109963237,0.11837569007613569,0.9933583043924159
0.009268334928689559,0.1027736214311269,0.9932430843963829
0.0032363400171007695,0.08662183940420232,0.9876292241560449
0.0002927938014143372,0.07012404855357696,0.976420206487397
0.0005132837389799083,0.05351746620509096,0.9596069030491208
0.003893119064150574,0.0370503185490913,0.9372687128742427
0.010347939066925604,0.02095671075354605,0.9095732215411729
0.019723800873361508,0.005434850173893002,0.8767743793292766
0.03181406850638613,0.991688977108243,0.8392092184000361
0.04637911317756399,0.9777018536931565,0.7972931508203196
0.06316505595052802,0.964573125522554,0.7515139111038494
0.08191904904139968,0.9523049065476823,0.7024242286535056
0.102400102312108,0.9408681807979483,0.650633336967676
0.12438563122703505,0.9302130211102948,0.5967974473787656
0.1476745357555967,0.9202771444793746,0.5416093351243134
0.1720878001533005,0.9109923924339018,0.4857872042969724
0.19746751292046105,0.9022892451721041,0.4300630151415099
0.22367500489703862,0.8940997145517555,0.37517047180742935
0.250588591121618,0.8863590144360599,0.3218328803464878
0.2781012244485034,0.8790063673118781,0.27075109497123506
0.30611823790010784,0.8719852327737634,0.22259177478184355
0.3345552639916993,0.8652431680691657,0.1779761728361109
0.3633363631047465,0.8587314668189524,0.13746967424074086
0.39239235960031094,0.8524046726777018,0.10157228964045117
0.4216593658528519,0.8462200289481592,0.07071029500812998
0.4510774650120971,0.840136900356381,0.04522918815872856
0.4805895191947776,0.8341161865644311,0.02538810723828888
0.5101400684789871,0.8281197362328108,0.011355827153863629
0.539674285992546,0.8221097638233149,0.0032084172111623843
0.5691369546437027,0.8160482676915763,0.0009286080451715861
0.5984714311802583,0.8098964466783998,0.0044068792514515565
0.6276185631015936,0.8036141131157133,0.013444242068850087
0.6565155235811961,0.7971591030627916,0.027756655116629503
0.6850945293615602,0.7904866902369923,0.04698097664352474
0.7132814073073259,0.7835490195349436,0.07068232499445415
0.7409939782899768,0.7762945908259329,0.09836269087351823
0.7681402345057963,0.768667846028694,0.12947062121857655
0.7946163016684948,0.7606089450752198,0.16341177553368524
0.8203042060023296,0.7520538620890156,0.19956014172880288
0.8450695149507733,0.742934993868137,0.23726968986803953
0.8687589996208149,0.7331825469837627,0.2758862387625989
0.8911985865133092,0.7227270477354549,0.31475931167332405
0.9121920331352772,0.7115033751864995,0.35325376321411284
0.931520971093977,0.6994567003058836,0.3907609693126908
0.9489471771589406,0.6865505405093121,0.42670938527039937
0.9642180737535379,0.6727767039099083,0.4605742929918364
0.977076378122907,0.6581661265582377,0.4918865767558849
0.9872743253894677,0.6427985642079307,0.5202403869380063
0.9945918515578458,0.6268081316074815,0.54529957242897
0.9988566367546441,0.6103814422143401,0.5668027846933477
0.9999624638414657,0.5937462792957614,0.5845671791650666
0.9978817418709132,0.5771514338742691,0.5984906627336883
0.9926689349536248,0.5608415951744501,0.6085526592310799
0.9844539461022335,0.5450332301291181,0.6148133879615081
0.9734272600947463,0.5298969668064144,0.6174116732935389
0.9598205712028584,0.5155493726858863,0.6165613260868668
0.9438869949008548,0.5020537708493399,0.6125461601185833
0.9258839951855015,0.4894274691422091,0.605713728599703
0.9060606220327565,0.4776521057180217,0.5964678871454616
0.8846492775082359,0.46668437020172415,0.5852603099456672
0.8618613690834618,0.45646540980062,0.5725811050911318
0.8378858671904619,0.4469282066299285,0.5589486926885776
0.8128897935731396,0.43800287387391845,0.5448991251259407
0.7870198457416379,0.4296201588140539,0.5309750421589818
0.7604045838798883,0.42171355363573476,0.5177144639333804
0.733156804296679,0.41422040127610205,0.50563963210395
0.7053758751901978,0.40708231644207765,0.4952461124551135
0.6771499160687454,0.4002451633460311,0.4869923714499045
0.6485577704704852,0.39365876123682497,0.4812900336507262
0.6196707630743049,0.3872764329123951,0.47849501681060147
0.5905542558123533,0.3810544701520611,0.4788997265781063
0.5612690298743495,0.3749515610080659,0.48272647338449204
0.5318725261346944,0.3689282042426856,0.49012225047652436
0.5024199785476791,0.36294612331485715,0.5011549847559351
0.4729654753207525,0.3569676842170917,0.5158113417233601
0.44356298231311486,0.35095531673705704,0.5339961332321757
0.4142673627466652,0.3448709364907238,0.5555333428099445
0.38513542722771554,0.3386753649020353,0.5801687489941294
0.3562270483020642,0.332327746155296,0.6075740934313991
0.3276063740529329,0.3257849643668841,0.6373527083407886
0.29934317505725616,0.3190010715990863,0.669046488265586
0.2715143573370349,0.3119267491468525,0.702144064546804
0.24420566907124547,0.30450884261619005,0.7360900182965722
0.21751361804098052,0.2966900381060674,0.7702949492813715
0.1915475958524196,0.28840878511480755,0.8041462043003982
0.16643216776487973,0.27959962412278927,0.837019059471654
0.1423094250651461,0.270194143669797,0.8682881462542831
0.11934120036947582,0.260122868253298,0.897338910827493
0.09771080575908603,0.24931844817591758,0.9235789002578549
0.0776237670856279,0.2377205490246211,0.9464486763515438
0.059306812202317094,0.2252827561236615,0.9654321686835168
0.043004181309951595,0.21198152313320762,0.9800662915574136
0.028970276421188046,0.19782660688196857,0.9899496650936221
0.017457924301738592,0.18287152111173577,0.9947502977902793
0.008702267785005269,0.16722149404526404,0.9942121063894511
0.002901566882048401,0.15103572453198655,0.9881601683248604
0.00019771209158941927,0.1345211124558045,0.9765046221987284
0.0006603723342479273,0.11791657062424032,0.9592431524085612
0.004278632375960989,0.10147012115123377,0.9364620150777014
0.010962365553843334,0.08541381447439372,0.9083355837607137
0.02055295996658446,0.06994242920251942,0.8751244149139374
0.032840567822050803,0.05520033152407494,0.8371718548176617
0.04758385301865087,0.04127778427300005,0.7948992314330994
0.06452853782582701,0.02821511963150458,0.7487996964955954
0.083422361181892,0.016011698621674675,0.6994308048847024
0.10402556117182554,0.004636568366626681,0.6474059397153127
0.12611712525125973,0.9950943669523031,0.5933847124696321
0.14949764523414927,0.9852106003746495,0.5380624874373581
0.17398976722097043,0.9759726533301617,0.4821591983366673
0.19943712262432112,0.9673110401492508,0.42640764179409274
0.22570242156877612,0.9591579720977579,0.37154144676427947
0.25266517920817144,0.9514489500661131,0.31828293042945077
0.28021937131121244,0.9441235180623018,0.2673310590637321
0.3082711879438251,0.9371254571618193,0.2193497361964667
0.3367369681908291,0.9304026247334742,0.1749566397409552
0.36554134475878747,0.9239065807686653,0.13471282416963604
0.39461559530489015,0.917592094901905,0.09911329312971517
0.4238961796983179,0.9114165928960221,0.0685787320302147
0.45332343356015575,0.9053395772764636,0.04344856929110463
0.4828403846133901,0.8993220406887719,0.02397550943522475
0.5123916571798789,0.8933258801597305,0.010321651637497098
0.5419224301311687,0.887313314081519,0.0025562744202183296
0.571377413860941,0.8812463002912635,0.0006553318568585098
0.6006998119653111,0.8750859524365651,0.004502669897778588
0.6298302331280339,0.8687919526838634,0.013892934384049482
0.6587055183438089,0.8623219619076761,0.028536106071147316
0.6872574484474825,0.8556310343960452,0.04806356361330799
0.7154112977634058,0.848671053882172,0.07203554394081024
0.7430842029193225,0.8413902229912751,0.09994984165871301
0.7701833237656852,0.8337326612005482,0.13125156565853402
0.7966037894676092,0.8256381999095925,0.16534375256342315
0.8222264526013296,0.8170425100456109,0.20159862319959032
0.8469155250119121,0.8078777595440365,0.23936926005325532
0.8705162510216127,0.7980740730417408,0.27800148056452656
0.8928528965766229,0.7875621435460729,0.31684568280150316
0.9137275036117176,0.7762773984403346,0.35526844619995046
0.932920070225073,0.7641660963917325,0.3926636800927561
0.9501910320752882,0.7511935418237282,0.42846312618435434
0.9652870503636017,0.737354144668577,0.4621460373432065
0.9779510048967696,0.7226822563859296,0.49324787352931665
0.9879365580783328,0.7072616606388794,0.5213678758496094
0.9950265746860079,0.6912306577855576,0.5461754011274422
0.9990531770683371,0.674779529132289,0.5674149216445095
0.9999158041890761,0.6581384696022029,0.5849096174928192
0.9975931343044822,0.6415568727787472,0.5985635120506352
0.9921457453869991,0.6252780756136185,0.6083621242599371
0.9837087739335009,0.6095155618911157,0.6143716345100714
0.9724765666624522,0.5944360023382805,0.6167365838967847
0.9586831370209663,0.5801517727810312,0.6156761493641447
0.9425824912991725,0.5667223706537554,0.6114790595957516
0.9244318480257718,0.5541619971755234,0.6044972384086833
0.9044792274259743,0.542450016432339,0.5951382836211145
0.8829555438367477,0.53154162227311,0.5838569096666646
0.8600705168214257,0.5213771044525812,0.5711455013346267
0.8360114088139721,0.5118890630255621,0.5575239435644619
0.8109436254998366,0.503007555034844,0.5435289077645038
0.7850124007647872,0.494663476802909,0.5297027882573175
0.7583450089546511,0.48679058504875056,0.5165824926246358
0.7310531418236317,0.4793265401621899,0.504688296510043
0.7032352355411211,0.47221328582198485,0.4945129763626319
0.6749786354911675,0.4653970007042857,0.4865114322829811
0.6463615524964716,0.45882778855631756,0.4810910073031067
0.6174548038861037,0.45245921817934803,0.47860269890504625
0.58832335528527,0.4462477846516768,0.4793334433942569
0.5590276906360925,0.4401523349375306,0.4834996340017774
0.529625043232841,0.43413348197425106,0.49124200970148735
0.5001705223827285,0.4281530188766926,0.5026220241498791
0.4707181704848995,0.4221733370926114,0.5176197736015737
0.4413219849441959,0.41615684783442364,0.5361335299172971
0.4120369389862028,0.4100654040502074,0.5579808907780084
0.382920035380554,0.4038597201778412,0.5829015249152114
0.3540314273182684,0.39749878893889157,0.6105614565682842
0.32543564096157607,0.3909392988577402,0.6405588013836727
0.29720293392514296,0.384135063853535,0.6724308365241285
0.26941082208777467,0.37703648846597115,0.7056622615384498
0.2421458019301666,0.36959011093555316,0.7396944842102684
0.215505284194352,0.3617382939281353,0.7739357475783137
0.18959973273687847,0.35341917199358625,0.8077719008523836
0.1645549636719128,0.34456701830920966,0.8405776081399665
0.14051449573746938,0.3351132611298625,0.8717277846644578
0.11764174320120074,0.3249884571307571,0.9006090502533084
0.0961216985620893,0.3141255969349839,0.9266309940093826
0.07616156258240259,0.302465139087018,0.9492370517765885
0.05798956303804387,0.2899620744876909,0.9679148088414031
0.04185101980488598,0.27659501729656943,0.9822055537544685
0.028000679677394558,0.2623767057179077,0.9917129247357828
0.016690632966727903,0.24736436617014124,0.9961105074051524
0.008153905889298596,0.23166735231848273,0.9951482611273512
0.002585123174062065,0.2154488361277061,0.9886576707861678
0.00012115292678321898,0.19891881758888247,0.9765555409986248
0.0008257013257418899,0.18231776777896946,0.9588463704921324
0.004681642656823803,0.1658933561840672,0.935623265413934
0.011593153437125303,0.1498754545050497,0.907067371677261
0.021397059300002852,0.13445533889289096,0.8734458279756936
0.033880420123779176,0.1197732661346092,0.8351082628049582
0.04880030289358561,0.105915466417629,0.7924818806185812
0.065902118658753,0.092918796796568,0.7460652040790947
0.08493425319577208,0.08077993084079621,0.6964205610546514
0.10565820748953747,0.06946603984750377,0.6441654264211749
0.12785455558290187,0.05892481424238638,0.589962749513596
0.1513255817294134,0.04909271205096105,0.5345104179447198
0.17589558579386666,0.03990112362628634,0.47853002701339165
0.20140972938016172,0.03128061334900356,0.42275514053099883
0.22773208728655403,0.023163600763682124,0.3679192431331373
0.2547433599908987,0.01548587774962279,0.3147435953374256
0.2823385321595028,0.008187310559272354,0.2639252102698606
0.31042463811506515,0.0012120004470433376,0.21612517451096735
0.33891871209585944,0.9955638838730078,0.17195753447620987
0.36774594904735247,0.9890832211377756,0.13197896379990226
0.39683807102841206,0.9827807858796824,0.09667941608876163
0.42613187751106085,0.9766141827808426,0.06647395119601285
0.45556794949502133,0.9705430486280064,0.04169590193493278
0.48508947380529865,0.9645284655606683,0.02259152232763384
0.514641152885041,0.9585323755392297,0.00931622863235404
0.5441681654055399,0.9525169974998333,0.0019325112488708385
0.5736151432827433,0.9464442454024804,0.0004095601375837532
0.6029251307776413,0.9402751443592667,0.004624609566505455
0.6320384911579423,0.9339692430495521,0.014365970984659526
0.6608917260236197,0.9274840239014692,0.029337686664757
0.6894161722797109,0.9207743186656879,0.04916570258117048
0.7175365427099805,0.9137917471379446,0.07340542770999292
0.7451692795949862,0.9064842125687852,0.10155051944686022
0.7722206991986086,0.8987955110055791,0.13304271175007187
0.7985849218948213,0.8906651462318254,0.16728248441951976
0.8241416137919513,0.8820284899118487,0.20364035889728171
0.8487536186248632,0.8728174896078662,0.24146859811637
0.8722646433130072,0.8629622030489076,0.2801130852093152
0.894497287079241,0.8523935138029772,0.31892515791072285
0.9152518783343566,0.8410474324084516,0.3572731819612045
0.9343067969413885,0.8288713521358096,0.39455365712537116
0.9514211717281974,0.8158324218524823,0.4302016631035599
0.9663409611551786,0.8019277151172648,0.4637004690204982
0.978809292401339,0.7871950526210583,0.49459014877885465
0.9885813620918689,0.7717222737771557,0.5224750648363035
0.9954430797309877,0.755651847358955,0.5470301044581518
0.9992311132910411,0.7391776489295974,0.568005574807767
0.9998506240720171,0.722532160550933,0.5852306860586047
0.9972865701822708,0.7059652279350253,0.5986155748007249
0.991605594653719,0.6897186957467689,0.6081518431858086
0.9829479718885712,0.6740029671531114,0.61391161237297
0.9715117915836893,0.6589807156733063,0.616045111799437
0.9575332684629606,0.6447601386490275,0.6147768485043663
0.9412672005352267,0.6313969568494702,0.6104004230797209
0.9229704887977963,0.6189023296513678,0.6032720806555254
0.902890078907135,0.6072534118349744,0.5938031064897125
0.8812553753974133,0.5964039569654773,0.5824511959561676
0.8582744044466638,0.5862934400611307,0.5697109477255502
0.8341327257801577,0.5768541092524929,0.5561036463396967
0.8089941404448597,0.5680159849904253,0.5421665157607016
0.783002432973414,0.5597101241040867,0.5284416383915804
0.7562836068852368,0.5518705535552866,0.5154647439881295
0.7289482639022962,0.5444352530245196,0.5037540793991191
0.7010939215670628,0.5373464945311945,0.49379957265531615
0.6728071631763994,0.5305507690984083,0.48605250329625704
0.6441655774907276,0.5239984620245455,0.48091588460712487
0.6152394838709687,0.5176433847542014,0.4787357525695626
0.5860934599189463,0.5114422321426558,0.4797935407695668
0.5567876997173093,0.5053540065208916,0.4842997004363738
0.5273792356827829,0.4993394314995176,0.492388700587437
0.49792305869948716,0.49336036641132797,0.5041155154286727
0.4684731713089617,0.4873792247809973,0.5194536753988643
0.4390836083362578,0.48135839590962465,0.5382949253879303
0.40980945900578253,0.47525966676746784,0.5604504995933084
0.3807079245617129,0.4690436415173978,0.5856539882035783
0.35183944566137354,0.46266915817073817,0.6135657375822561
0.3232689340697523,0.4560927065177492,0.643778693808347
0.2950671428429246,0.4492678594303312,0.6758255701995353
0.26731220714836035,0.44214474226461514,0.709187193518698
0.24009138231014854,0.4346695843360877,0.7433018615429319
0.21350299363915726,0.42678442480039813,0.7775755269977438
0.18765858965356907,0.418427085578962,0.8113926097554085
0.16268524991002903,0.4095315785599754,0.8441272307408596
0.13872793217353058,0.4000291831530728,0.8751546570897446
0.11595164092118848,0.3898505071963628,0.9038627485447996
0.09454305152654197,0.3789289104084803,0.929663199482885
0.07471103169957405,0.3672056845732019,0.9520023789272081
0.05668528537846923,0.35463727793160194,0.9703715819490562
0.04071216696628677,0.3412045248363266,0.9843165194789307
0.02704669756731426,0.32692320352438065,0.9934458892790161
0.015940135849862702,0.31185429559120026,0.9974388882016747
0.007623279757100476,0.2961112875330199,0.9960515445035938
0.0022870078550257245,0.2798612805768954,0.9891217685558935
6.307926833293287e-05,0.26331727584160003,0.9765730405366746
0.001009197467931322,0.24672116360428403,0.9584166744206648
0.005102044748115042,0.2303201130826359,0.9347526186574768
0.01224017343805317,0.2143416965922983,0.9057687752760373
0.022255954949430057,0.19897361860400392,0.8717388406816724
0.034933476108680694,0.1843520138503611,0.8330186931375785
0.05002831581886713,0.17055911219046138,0.7900413737067247
0.0672856592998557,0.157628353535745,0.7433107292560059
0.08645459710733411,0.1455537894077581,0.6933938078053288
0.10729792600274529,0.1343007755712089,0.6409121178609674
0.12959781990977065,0.12381588522121134,0.5865318841163045
0.15315825528088928,0.11403500164533631,0.5309534516819454
0.1778051771991444,0.10488932687668123,0.4749000093778335
0.2033852645340684,0.09630949061615351,0.41910581908803834
0.22976394210821816,0.08822812909900518,0.3643041521831165
0.2568230809891471,0.08058132884908886,0.31121514499394465
0.2844586608304366,0.07330927889356226,0.260533792655945
0.31257854754793213,0.06635639925003761,0.21291830387461985
0.3411004592404574,0.05967113999103335,0.16897903775058865
0.3699501431199872,0.0532055844126435,0.1292682374777243
0.39905975684996703,0.046914943785888785,0.09427076424584513
0.42836643169595323,0.040756998174372894,0.06439601807332096
0.45781098700721085,0.03469151509707691,0.03997121070247189
0.48733676225386885,0.02867966270817557,0.0212361295432153
0.516888531908811,0.022683424479262138,0.008339501519252224
0.5464114685162405,0.016665016512248165,0.0013370323223114156
0.5758501195506518,0.010586305539372565,0.00019116097039173496
0.6051473637415041,0.004408224801648319,0.004772532691095677
0.6342433123120786,0.9991459676411505,0.014863156163794855
0.6630741202100993,0.9926452718661662,0.030161175103199156
0.6915706723345396,0.9859165250680648,0.050287150179403994
0.7196571108643055,0.9789110803723434,0.07479171624191494
0.747249173560985,0.9715765395950319,0.1031644526360509
0.7742523217983683,0.9638563744815652,0.1348437816628838
0.800559654876561,0.9556897622998057,0.16922769241857694
0.8260496396247712,0.9470117796649223,0.20568507461613805
0.850583739257623,0.9377541626629784,0.24356743951722848
0.8740041129286027,0.9278469177044777,0.28222080276820805
0.8961316874579923,0.9172211434949089,0.32099750630009893
0.916765080595308,0.9058134694032036,0.3592677632312835
0.9356810704573661,0.8935724710257307,0.39643072030344584
0.9526375149428331,0.8804671996278628,0.431924846260042
0.9673797301395517,0.8664974540002681,0.4652374711831442
0.9796511771937512,0.8517045764978497,0.495913320543103
0.9892086949719958,0.8361804872781663,0.523561908106899
0.9958413533398621,0.8200718023035402,0.5478636734121558
0.9993904671295388,0.8035759136013518,0.5685747718839806
0.9997669823619757,0.7869274629961943,0.5855304485208528
0.996962143011977,0.7703765976244612,0.598646949185202
0.9910486042510345,0.7541635323619664,0.6079219466993848
0.9821716802901322,0.7384954965804209,0.6134334820771805
0.9705330843134063,0.7235311312159768,0.615337444154676
0.9563711155481777,0.7093744717037569,0.6138636335762939
0.9399412666823586,0.6960775129347648,0.6093104794057069
0.9215000513915712,0.6836484375948237,0.6020384984257525
0.9012932979525871,0.6720622553479578,0.5924626082812416
0.8795488805480318,0.6612713339642041,0.5810434257769757
0.8564731275184088,0.6512143753705744,0.5682777005294071
0.8322499017756517,0.6418233049687772,0.5546880514293981
0.8070414114471894,0.6330281254291096,0.5408121885965258
0.780990006078142,0.624760065017057,0.5271918161918983
0.7542204333466334,0.6169534262814388,0.5143614211473633
0.7268422193714086,0.6095465097959607,0.5028371590829721
0.6989519763496648,0.602481915147262,0.493106050969363
0.6706355374003494,0.5957064435087225,0.4856157021042158
0.6419698797564616,0.5891707587439866,0.4807647483999844
0.6130248340854765,0.5828289115668914,0.478894223757802
0.5838645981605699,0.5766377930879998,0.4802800263660245
0.5545490835206642,0.5705565574675624,0.4851266413798605
0.5251351283520267,0.5645460354980109,0.4935622529275214
0.4956776113024038,0.5585681493034341,0.505635350310218
0.46623050098197477,0.5525853311164332,0.5213129023207479
0.4368478755026949,0.5465599449993293,0.5404801406090982
0.40758494608944373,0.5404537086420608,0.5629419589195841
0.37849911879248616,0.5342271126515845,0.5884259007686374
0.3496511285913837,0.527838837092619,0.6165866747128312
0.321106280424294,0.5212451698973859,0.647012104724368
0.2929358312502951,0.5143994400181633,0.6792303941805855
0.2652185450225055,0.5072514912539892,0.7127185563353997
0.2380424465150333,0.49974724252706904,0.7469118424498475
0.21150678726738836,0.49182840955234186,0.781213981420759
0.18572421288748459,0.48343250416920297,0.8150080320059168
0.16082307891186315,0.4744932833270745,0.8476676406409069
0.13694979353830555,0.4649418895057461,0.8785684942993726
0.11427095965259948,0.4547090013247482,0.9070997585941036
0.09297493732744744,0.44372837714954594,0.9326752960217242
0.07327225226666195,0.4319421831188393,0.9547444674625005
0.05539405941313391,0.4193083772685032,0.9728023313184693
0.039587700803060344,0.4058100740428573,0.9863990684576436
0.026108399523803394,0.39146614963456533,0.995148477005273
0.015206485928731195,0.37634138124662836,0.9987353985075842
0.007110417579281825,0.3605533921505987,0.9969219557112439
0.0020072171811069683,0.34427316478584535,0.9895525018326765
2.3451289857867597e-05,0.3277165987649211,0.9765572014747654
0.0012107849976071838,0.31112686283727453,0.9579541841058905
0.0055397315494614685,0.2947504794340047,0.933850232107968
0.012903295090311406,0.278812604326375,0.9044399867602806
0.023129502579922856,0.2634973055803959,0.8700036770709829
0.03599958673536785,0.24893658723291684,0.830903398088271
0.05126774557189301,0.23520871374005914,0.7875779871191284
0.06867902167310241,0.2223437669053822,0.7405365680989924
0.08798326616532981,0.2103332414621948,0.6903508560144935
0.10894460270308265,0.19914073711760621,0.6376463346033425
0.1313468171229692,0.1887117577511368,0.5830924412420551
0.15499557703456146,0.17898164706159087,0.5273919126147426
0.17971846375338157,0.16988144248688436,0.4712694629999774
0.205363660299208,0.16134185368770593,0.41545998333100087
0.23179792684089068,0.153295741557275,0.36069646295662494
0.25890429036406115,0.14567949062429997,0.30769784677789147
0.2865797117064658,0.1384336130356859,0.25715704746912493
0.3147328758373797,0.13150284604793894,0.20972933539520966
0.3432821735464051,0.12483593219685657,0.16602132705965644
0.3721538944510632,0.11838521165945626,0.12658078622323998
0.4012806231195172,0.112106111349291,0.09188743995094129
0.4305998148808771,0.10595658317799961,0.06234499486185996
0.4600525204678778,0.09989652187643555,0.03827451690979444
0.4895822255850155,0.09388717814468373,0.019909311544136443
0.5191337706737328,0.08789057355282293,0.007391410702386025
0.5486523162380981,0.08186891799926865,0.0007697395330232837
0.5780823193483661,0.0757840276448507,0.0
0.6073664869908683,0.06959674053124515,0.004946271604563179
0.6364446716869122,0.06326632843411228,0.015384292488615614
0.6652526744319683,0.05674990715799205,0.031006348270629758
0.6937209199878742,0.05000185414971886,0.05142766214390093
0.7217729708007556,0.042973253174647064,0.07619414901794741
0.7493238498733518,0.03561140262772455,0.10479136960618973
0.7762781523241158,0.027859449200697273,0.13665449798528329
0.8025279440586024,0.019656244936182454,0.17117909872028747
0.8279504798299041,0.010936575902069923,0.20773249739730204
0.852405830033122,0.0016319760228825642,0.2456655213353045
0.8757345959619691,0.9927281980161564,0.28432438527107706
0.8977560268648614,0.9820450181095637,0.3230624995253031
0.9182670335332264,0.9705755024834681,0.3612519852535563
0.9370428100699155,0.9582694575868069,0.3982946922320352
0.9538399809903556,0.9450978955149342,0.43363252874836533
0.9684032822680082,0.9310634016196377,0.46675692994540086
0.9804765973612432,0.9162108908603717,0.4972173098534185
0.9898185163911633,0.9006363861846045,0.5246283628444814
0.9962213847708962,0.8844906254384133,0.5486761018807869
0.9995312631243827,0.8679744351785754,0.5691225433464311
0.9996649406393231,0.851324486927949,0.5858089711325576
0.996619948541666,0.8347910784935255,0.5986577357723171
0.9904748972065041,0.8186126601486805,0.6076725675883665
0.9813800401940128,0.8029931986435744,0.6129374059371635
0.969540594301913,0.7880872713899665,0.6146137695604246
0.9551968277091314,0.773994771779964,0.6129367157221317
0.9386048328348289,0.7607640212914953,0.6082094580919382
0.9200206685038264,0.7484002913468106,0.6007967350823336
0.8996890047712126,0.7368765100621546,0.5911170413894418
0.8778361664022967,0.7261437128844027,0.5796338555427631
0.8546667804342459,0.716139869230978,0.5668460150577488
0.8303630194381862,0.7067966100458958,0.5532774079048828
0.8050855106196664,0.6980439383097246,0.5394661640417269
0.778975182985448,0.689813264134042,0.5259535432405684
0.7521555433227922,0.6820391706455926,0.5132727248761348
0.7247350564808114,0.6746602806876089,0.5019377112662902
0.6968094424707422,0.6676195205040774,0.4924325581240687
0.6684637960176273,0.660863999146587,0.48520114334700537
0.6397744932422291,0.6543446560215205,0.4806376784445483
0.6108108852900536,0.6480157777255627,0.47907815530767195
0.5816367982115861,0.6418344481038483,0.4807929047475845
0.5523118682476487,0.6357599696164827,0.4859804225056443
0.5228927459476151,0.629753276756976,0.4947625936350484
0.49343420387048337,0.6237763510244488,0.5071814178290452
0.46399018260116964,0.6177916400006412,0.5231973071382043
0.43461480939753194,0.6117614791897044,0.5426889944093389
0.4053634234943742,0.6056475137063275,0.5654550566249448
0.37629364210074523,0.5994101173287022,0.5912170231006897
0.3474665014097638,0.5930078089500193,0.61962400518577
0.31894770715068765,0.5863966715395624,0.6502587526560575
0.2908090287058095,0.5795297872906358,0.682645013209509
0.2631298683764041,0.5723567161286731,0.7162560461313312
0.23599903105666464,0.5648230652085474,0.7505241198206996
0.2095167062248306,0.5568702270254589,0.7848508058911747
0.18379664902054538,0.548435406116524,0.8186178701665447
0.1589685034393009,0.5394521111875111,0.8511985531510788
0.13518013933627243,0.529851360189548,0.8819690293503903
0.11259976583001285,0.5195639227858981,0.9103198358852751
0.09141742886207038,0.5085239863228687,0.9356670658184605
0.07184530215747587,0.49667463323864086,0.9574631300980982
0.05411596508316446,0.48397538448475486,0.9752069034752857
0.03847769865293543,0.4704116946445174,0.9884530837312617
0.02518585376944127,0.45600559496679144,0.9968206095562344
0.014489734373940799,0.440825696518697,1.0
0.006615345192682143,0.42499375976735615,0.9977594972270225
0.0017457446941170351,0.40868459611848124,0.9899499139759698
2.2263952543233323e-06,0.3921168975038769,0.9765081074615374
0.0014303856772941437,0.3755349689616633,0.9574590222241
0.005994594079182403,0.35918454094669594,0.9329162655598005
0.013582386805024715,0.3432882391396387,0.9030812005169793
0.024017557504215248,0.328026434974524,0.8682405630192456
0.03707860326935769,0.3135269970675837,0.8287626313865104
0.05251844671967332,0.29986426187713433,0.7850919983320068
0.07008206879021822,0.2870650130734116,0.7377430173128872
0.08952013484532623,0.27511825364717574,0.6872920167582919
0.11059812483086484,0.26398588587441696,0.6343683969787186
0.1331014473072732,0.2536123911804632,0.5796447451803068
0.1568374592322646,0.24393260782838655,0.5238261236063906
0.18163536875036884,0.23487743156787955,0.4676387039377232
0.2073448497442017,0.22637766604431336,0.41181793723173143
0.23383398303038222,0.21836640434579813,0.35709646224984226
0.2609869369083887,0.21078033208112096,0.304191965508231
0.28870163970685775,0.20356028468405202,0.25379521312789777
0.3168875830327724,0.19665131502190597,0.206558477129974
0.3454638193176659,0.19000245542772332,0.1630845766828628
